Module,Function,Parameter,Runtime (s),Samples,Consumption (μJ)
prime_calculation,,4000000,0.9951470260002679,13,515536.6463387586
prime_calculation,,4000000,0.9829091380015598,13,472652.12357013987
prime_calculation,,4000000,0.9866409250007564,13,437184.9806251786
prime_calculation,,4000000,1.0333090690000972,14,499324.2482621997
prime_calculation,,4000000,1.0096903949997795,13,507621.7917181949
prime_calculation,,4000000,1.0217072109990113,14,532200.393334665
