Module,Function,Parameter,Runtime (s),Samples,Consumption (μJ)
prime_calculation,main,4000000,18.605741522000244,247,12752296.719936667
prime_calculation,main,4000000,19.136011814000085,253,12834427.947329285
prime_calculation,main,4000000,18.635928609000985,250,13532550.76730928
prime_calculation,main,4000000,18.5917572569997,248,13080016.401974568
prime_calculation,main,4000000,18.500640955000563,247,12502789.99480386
prime_calculation,main,4000000,18.37788942899897,244,12578524.31610586
