Module,Function,Parameter,Runtime (s),Samples,Average (μW),Consumption (μJ)
prime_calculation,main,4000000,19.419158937799875,320,542254.9330860634,10529583.039587757
prime_calculation,main,8000000,53.41707302060022,878,503416.8536359828,26890691.886056334
prime_calculation,main,12000000,165.27568987720005,2674,449774.7939212433,74332267.94445747
