Module,Function,Parameter,Runtime (s),Samples,Average (μW),Consumption (μJ)
prime_calculation,,4000000,1.0685082942996815,18,394561.9398341933,421554.47418469423
prime_calculation,,8000000,2.785477372900277,50,357009.1866544137,994347.8275251553
prime_calculation,,12000000,4.910242682000171,88,365477.06711217354,1794549.2045780595
